date,season,home_team,away_team,home_pts,away_pts,home_win,margin
2026-05-26,2016,CHI,CLE,97,95,1,2
2026-05-26,2022,WAS,ATL,122,111,1,11
2026-05-26,2022,PHI,DET,110,102,1,8
2026-05-26,2022,HOU,UTA,91,122,0,31
2026-05-26,2022,CHI,NYK,103,104,0,1
2026-05-26,2022,DAL,SAS,104,99,1,5
2026-05-26,2022,GSW,MEM,101,104,0,3
2026-05-26,2022,TOR,ORL,110,109,1,1
2026-05-26,2022,MIA,CHA,114,99,1,15
2026-05-26,2022,BRK,IND,105,98,1,7
2026-05-26,2022,NOP,SAC,109,113,0,4
2026-05-26,2022,DEN,DAL,106,75,1,31
2026-05-26,2022,POR,LAC,111,92,1,19
2026-05-26,2022,LAL,CLE,113,101,1,12
2026-05-26,2022,WAS,BOS,115,112,1,3
2026-05-26,2022,DET,ORL,110,103,1,7
2026-05-26,2022,NOP,NYK,117,123,0,6
2026-05-26,2022,IND,TOR,94,97,0,3
2026-05-26,2022,PHI,ATL,122,94,1,28
2026-05-26,2022,CHI,UTA,107,99,1,8
2026-05-26,2022,LAC,CLE,79,92,0,13
2026-05-26,2022,POR,MEM,116,96,1,20
2026-05-26,2022,PHX,SAC,107,110,0,3
2026-05-26,2022,OKC,LAL,123,115,1,8
2026-05-26,2022,CHA,BOS,129,140,0,11
2026-05-26,2022,IND,MIL,109,119,0,10
2026-05-26,2022,TOR,CHI,108,111,0,3
2026-05-26,2022,MIA,ORL,107,90,1,17
2026-05-26,2022,BRK,WAS,104,90,1,14
2026-05-26,2022,ATL,DET,122,104,1,18
2026-05-26,2022,MIN,NOP,98,107,0,9
2026-05-26,2022,DEN,CLE,87,99,0,12
2026-05-26,2022,LAC,POR,116,86,1,30
2026-05-26,2022,MEM,MIA,103,129,0,26
2026-05-26,2022,NYK,PHI,112,99,1,13
2026-05-26,2022,SAS,LAL,121,125,0,4
2026-05-26,2022,DAL,HOU,116,106,1,10
2026-05-26,2022,UTA,DEN,122,110,1,12
2026-05-26,2022,ORL,CHA,111,120,0,9
2026-05-26,2022,BOS,WAS,107,116,0,9
2026-05-26,2022,BRK,MIA,93,106,0,13
2026-05-26,2022,TOR,IND,118,100,1,18
2026-05-26,2022,NOP,ATL,99,102,0,3
2026-05-26,2022,MIL,MIN,108,113,0,5
2026-05-26,2022,OKC,GSW,98,106,0,8
2026-05-26,2022,LAL,MEM,121,118,1,3
2026-05-26,2022,MIL,SAS,93,102,0,9
2026-05-26,2022,MIN,DEN,91,93,0,2
2026-05-26,2023,WAS,CHI,102,100,1,2
2026-05-26,2023,ATL,ORL,108,98,1,10
2026-05-26,2023,BRK,TOR,109,105,1,4
2026-05-26,2023,MIA,BOS,104,111,0,7
2026-05-26,2023,NYK,DET,130,106,1,24
2026-05-26,2023,HOU,MEM,122,129,0,7
2026-05-26,2023,MIN,UTA,126,132,0,6
2026-05-26,2023,GSW,DEN,123,128,0,5
2026-05-26,2023,POR,PHX,113,111,1,2
2026-05-26,2023,PHI,SAS,105,114,0,9
2026-05-26,2023,IND,DET,124,115,1,9
2026-05-26,2023,ORL,BOS,120,126,0,6
2026-05-26,2023,CHI,CLE,96,128,0,32
2026-05-26,2023,MIA,TOR,112,109,1,3
2026-05-26,2023,MIL,HOU,125,105,1,20
2026-05-26,2023,DAL,MEM,137,96,1,41
2026-05-26,2023,DEN,OKC,122,117,1,5
2026-05-26,2023,SAC,LAC,109,111,0,2
2026-05-26,2023,LAL,POR,104,106,0,2
2026-05-26,2023,IND,SAS,134,137,0,3
2026-05-26,2023,CHA,NOP,112,124,0,12
2026-05-26,2023,LAL,LAC,97,103,0,6
2026-05-26,2023,PHI,MIL,88,90,0,2
2026-05-26,2022,PHX,CLE,101,92,1,9
2026-05-26,2022,DAL,SAC,105,99,1,6
2026-05-26,2022,CHA,POR,125,113,1,12
2026-05-26,2022,MIL,UTA,95,107,0,12
2026-05-26,2022,BRK,DET,117,91,1,26
2026-05-26,2022,LAL,HOU,95,85,1,10
2026-05-26,2023,BOS,PHI,126,117,1,9
2026-05-26,2023,GSW,LAL,123,109,1,14
2026-05-26,2023,DET,ORL,113,109,1,4
2026-05-26,2022,GSW,OKC,103,82,1,21
2026-05-26,2023,IND,WAS,107,114,0,7
2026-05-26,2023,BRK,NOP,108,130,0,22
2026-05-26,2023,MEM,NYK,115,112,1,3
2026-05-26,2023,MIA,CHI,108,116,0,8
2026-05-26,2023,TOR,CLE,108,105,1,3
2026-05-26,2023,MIN,OKC,115,108,1,7
2026-05-26,2023,SAS,CHA,102,129,0,27
2026-05-26,2023,UTA,DEN,123,102,1,21
2026-05-26,2023,PHX,DAL,107,105,1,2
2026-05-26,2023,SAC,POR,108,115,0,7
2026-05-26,2023,ATL,HOU,117,107,1,10
2026-05-26,2023,ATL,CHA,109,126,0,17
2026-05-26,2022,SAC,GSW,107,119,0,12
2026-05-26,2022,NYK,ORL,104,110,0,6
2026-05-26,2021,SAC,PHX,100,116,0,16
2026-05-26,2021,LAL,MIN,127,91,1,36
2026-05-26,2021,BRK,MEM,111,116,0,5
2026-05-26,2021,ATL,DET,128,120,1,8
2026-05-26,2021,OKC,UTA,109,110,0,1
2026-05-26,2021,DEN,HOU,124,111,1,13
2026-05-26,2021,LAL,POR,107,115,0,8
2026-05-26,2021,CLE,NYK,86,95,0,9
2026-05-26,2021,DET,GSW,106,116,0,10
2026-05-26,2021,IND,BOS,111,116,0,5
2026-05-26,2021,WAS,CHI,107,115,0,8
2026-05-26,2021,PHI,TOR,100,93,1,7
2026-05-26,2021,MIA,MIL,97,144,0,47
2026-05-26,2021,OKC,ORL,107,118,0,11
2026-05-26,2021,PHX,NOP,111,86,1,25
2026-05-26,2021,SAC,DEN,125,115,1,10
2026-05-26,2021,LAC,MIN,124,101,1,23
2026-05-26,2021,MIA,MIL,119,108,1,11
2026-05-26,2021,BRK,ATL,145,141,1,4
2026-05-26,2021,CHI,GSW,128,129,0,1
2026-05-26,2021,IND,BOS,108,107,1,1
2026-05-26,2021,NYK,MIL,130,110,1,20
2026-05-26,2021,CLE,PHI,118,94,1,24
2026-05-26,2021,PHX,DAL,106,102,1,4
2026-05-26,2021,MIA,NOP,111,98,1,13
2026-05-26,2021,MIL,GSW,138,99,1,39
2026-05-26,2021,BOS,BRK,95,123,0,28
2026-05-26,2021,LAL,DAL,138,115,1,23
2026-05-26,2021,DEN,LAC,108,121,0,13
2026-05-26,2021,MEM,ATL,112,122,0,10
2026-05-26,2021,CHA,OKC,107,109,0,2
2026-05-26,2021,DET,CLE,119,128,0,9
2026-05-26,2021,BOS,MEM,126,107,1,19
2026-05-26,2021,WAS,ORL,120,130,0,10
2026-05-26,2021,CHI,IND,106,125,0,19
2026-05-26,2021,SAS,TOR,119,114,1,5
2026-05-26,2021,UTA,MIN,111,116,0,5
2026-05-26,2021,POR,HOU,128,126,1,2
2026-05-26,2021,SAC,PHX,106,103,1,3
2026-05-26,2021,LAC,DAL,73,124,0,51
2026-05-26,2021,NOP,SAS,98,95,1,3
2026-05-26,2021,WAS,ORL,113,120,0,7
2026-05-26,2021,CHA,BRK,106,104,1,2
2026-05-26,2021,NYK,PHI,89,109,0,20
2026-05-26,2022,OKC,PHI,103,115,0,12
2026-05-26,2021,DAL,CHA,99,118,0,19
2026-05-26,2021,LAC,POR,128,105,1,23
2026-05-26,2022,WAS,IND,135,134,1,1
2026-05-26,2022,CLE,CHA,112,123,0,11
2026-05-26,2022,BOS,TOR,83,115,0,32
2026-05-26,2022,PHI,BRK,109,114,0,5
2026-05-26,2022,HOU,OKC,124,91,1,33
2026-05-26,2022,CHI,NOP,128,112,1,16
2026-05-26,2022,DEN,SAS,102,96,1,6
2026-05-26,2022,LAL,PHX,105,115,0,10
2026-05-26,2022,SAC,UTA,101,110,0,9
2026-05-26,2022,CLE,ATL,101,95,1,6
2026-05-26,2022,IND,MIA,102,91,1,11
2026-05-26,2022,TOR,DAL,95,103,0,8
2026-05-26,2022,CHI,DET,97,82,1,15
2026-05-26,2022,MIN,NOP,96,89,1,7
2026-05-26,2022,SAS,MIL,111,121,0,10
2026-05-26,2022,POR,PHX,134,105,1,29
2026-05-26,2022,LAC,MEM,114,120,0,6
2026-05-26,2022,BRK,CHA,95,111,0,16
2026-05-26,2022,HOU,BOS,97,107,0,10
2026-05-26,2022,ORL,NYK,96,121,0,25
2026-05-26,2022,GSW,LAC,115,113,1,2
2026-05-26,2022,MIA,MIL,137,95,1,42
2026-05-26,2022,ATL,DAL,113,87,1,26
2026-05-26,2021,IND,CLE,119,99,1,20
2026-05-26,2021,WAS,CHI,130,133,0,3
2026-05-26,2021,ORL,PHI,92,116,0,24
2026-05-26,2021,HOU,SAC,122,119,1,3
2026-05-26,2021,TOR,NYK,100,83,1,17
2026-05-26,2021,OKC,NOP,80,113,0,33
2026-05-26,2021,UTA,PHX,95,106,0,11
2026-05-26,2022,MIL,BRK,127,104,1,23
2026-05-26,2022,LAL,GSW,114,121,0,7
2026-05-26,2021,SAS,LAL,107,121,0,14
2026-05-26,2022,CHA,IND,123,122,1,1
2026-05-26,2022,NYK,BOS,138,134,1,4
2026-05-26,2022,TOR,WAS,83,98,0,15
2026-05-26,2022,MEM,CLE,132,121,1,11
2026-05-26,2022,MIN,HOU,124,106,1,18
2026-05-26,2022,NOP,PHI,97,117,0,20
2026-05-26,2022,SAS,ORL,123,97,1,26
2026-05-26,2022,UTA,OKC,107,86,1,21
2026-05-26,2022,POR,SAC,121,124,0,3
2026-05-26,2022,PHX,DEN,98,110,0,12
2026-05-26,2022,DET,CHI,88,94,0,6
2026-05-26,2021,POR,UTA,100,120,0,20
2026-05-26,2023,CLE,WAS,117,107,1,10
2026-05-26,2023,OKC,MIN,106,116,0,10
2026-05-26,2025,ATL,BRK,120,116,1,4
2026-05-26,2025,MIA,ORL,97,116,0,19
2026-05-26,2025,PHI,MIL,109,124,0,15
2026-05-26,2025,TOR,CLE,106,136,0,30
2026-05-26,2025,HOU,CHA,105,110,0,5
2026-05-26,2025,NOP,CHI,123,111,1,12
2026-05-26,2025,UTA,MEM,124,126,0,2
2026-05-26,2025,LAC,PHX,113,116,0,3
2026-05-26,2025,POR,GSW,104,140,0,36
2026-05-26,2025,WAS,BOS,102,122,0,20
2026-05-26,2025,DAL,SAS,120,109,1,11
2026-05-26,2025,SAC,MIN,115,117,0,2
2026-05-26,2025,DEN,OKC,87,102,0,15
2026-05-26,2025,ORL,BRK,116,101,1,15
2026-05-26,2025,TOR,PHI,115,107,1,8
2026-05-26,2025,ATL,CHA,125,120,1,5
2026-05-26,2025,CLE,DET,113,101,1,12
2026-05-26,2025,NYK,IND,123,98,1,25
2026-05-26,2025,HOU,MEM,128,108,1,20
2026-05-26,2025,DET,IND,109,115,0,6
2026-05-26,2025,LAL,MIN,110,103,1,7
2026-05-26,2025,BOS,NYK,132,109,1,23
2026-05-26,2024,LAC,ORL,118,102,1,16
2026-05-26,2024,PHX,UTA,126,104,1,22
2026-05-26,2024,OKC,DEN,95,128,0,33
2026-05-26,2024,HOU,GSW,95,106,0,11
2026-05-26,2024,MIL,ATL,110,127,0,17
2026-05-26,2024,PHI,POR,126,98,1,28
2026-05-26,2024,LAC,SAS,123,83,1,40
2026-05-26,2024,SAC,LAL,132,127,1,5
2026-05-26,2024,IND,CHI,105,112,0,7
2026-05-26,2024,WAS,BOS,107,126,0,19
2026-05-26,2025,MIL,CHI,122,133,0,11
2026-05-26,2024,CHA,BRK,121,133,0,12
2026-05-26,2024,ATL,MIN,127,113,1,14
2026-05-26,2024,MEM,DAL,110,125,0,15
2026-05-26,2024,MIL,MIA,122,114,1,8
2026-05-26,2024,NOP,GSW,102,130,0,28
2026-05-26,2024,OKC,DET,124,112,1,12
2026-05-26,2024,DEN,UTA,110,102,1,8
2026-05-26,2024,LAL,ORL,106,103,1,3
2026-05-26,2024,CLE,NYK,91,109,0,18
2026-05-26,2024,PHX,SAS,114,115,0,1
2026-05-26,2024,TOR,POR,91,99,0,8
2026-05-26,2024,MIN,MIA,106,90,1,16
2026-05-26,2025,UTA,GSW,86,127,0,41
2026-05-26,2025,POR,NOP,103,105,0,2
2026-05-26,2025,SAC,POR,111,98,1,13
2026-05-26,2025,PHX,LAL,109,105,1,4
2026-05-26,2025,BRK,DEN,139,144,0,5
2026-05-26,2025,MIN,DAL,114,120,0,6
2026-05-26,2025,UTA,SAC,96,113,0,17
2026-05-26,2025,GSW,NOP,124,106,1,18
2026-05-26,2025,PHI,DET,95,105,0,10
2026-05-26,2025,WAS,ATL,133,120,1,13
2026-05-26,2025,IND,BOS,135,132,1,3
2026-05-26,2025,CLE,LAL,134,110,1,24
2026-05-26,2025,CHA,TOR,138,133,1,5
2026-05-26,2025,MIA,NYK,107,116,0,9
2026-05-26,2025,CHI,ORL,102,99,1,3
2026-05-26,2025,MEM,BRK,106,119,0,13
2026-05-26,2025,OKC,SAS,105,93,1,12
2026-05-26,2025,GSW,NOP,104,89,1,15
2026-05-26,2025,LAC,POR,105,106,0,1
2026-05-26,2025,MEM,MIL,122,99,1,23
2026-05-26,2025,DAL,HOU,102,108,0,6
2026-05-26,2025,DAL,UTA,110,102,1,8
2026-05-26,2025,MEM,CHI,123,126,0,3
2026-05-26,2025,SAS,HOU,101,106,0,5
2026-05-26,2025,NYK,CLE,104,110,0,6
2026-05-26,2025,DEN,LAC,104,109,0,5
2026-05-26,2025,WAS,CLE,116,135,0,19
2026-05-26,2025,DET,BOS,118,124,0,6
2026-05-26,2025,CHA,MIA,106,114,0,8
2026-05-26,2025,MEM,ORL,124,111,1,13
2026-05-26,2025,MIN,TOR,112,101,1,11
2026-05-26,2025,CHI,OKC,95,114,0,19
2026-05-26,2025,SAS,HOU,109,106,1,3
2026-05-26,2025,PHX,DAL,114,102,1,12
2026-05-26,2025,LAL,PHX,123,116,1,7
2026-05-26,2025,LAL,SAC,131,127,1,4
2026-05-26,2025,POR,NOP,125,103,1,22
2026-05-26,2025,BRK,MIL,115,102,1,13
2026-05-26,2025,OKC,ATL,128,104,1,24
2026-05-26,2025,GSW,LAC,104,112,0,8
2026-05-26,2025,ORL,IND,119,115,1,4
2026-05-26,2025,ATL,WAS,119,121,0,2
2026-05-26,2025,BOS,MIL,119,108,1,11
2026-05-26,2025,TOR,DEN,125,127,0,2
2026-05-26,2025,MIA,DET,106,98,1,8
2026-05-26,2025,IND,PHI,114,118,0,4
2026-05-26,2023,NOP,UTA,121,122,0,1
2026-05-26,2024,TOR,PHI,107,114,0,7
2026-05-26,2024,NOP,NYK,96,87,1,9
2026-05-26,2023,BRK,DAL,125,129,0,4
2026-05-26,2023,OKC,LAC,118,110,1,8
2026-05-26,2023,GSW,MIA,123,110,1,13
2026-05-26,2023,SAC,MEM,110,125,0,15
2026-05-26,2023,DET,ATL,112,136,0,24
2026-05-26,2023,ORL,CHA,113,93,1,20
2026-05-26,2023,BOS,CLE,123,132,0,9
2026-05-26,2023,TOR,PHI,90,112,0,22
2026-05-26,2023,WAS,IND,117,127,0,10
2026-05-26,2023,MIL,NYK,119,108,1,11
2026-05-26,2023,MIN,LAL,111,102,1,9
2026-05-26,2023,SAS,CHI,129,124,1,5
2026-05-26,2023,DEN,UTA,117,101,1,16
2026-05-26,2023,PHX,NOP,124,111,1,13
2026-05-26,2023,POR,HOU,125,111,1,14
2026-05-26,2023,SAC,MIA,119,113,1,6
2026-05-26,2023,CHA,GSW,120,113,1,7
2026-05-26,2023,BRK,IND,116,125,0,9
2026-05-26,2023,CHI,PHI,109,114,0,5
2026-05-26,2023,POR,MIA,98,119,0,21
2026-05-26,2023,DEN,LAL,110,99,1,11
2026-05-26,2023,UTA,HOU,109,101,1,8
2026-05-26,2023,MIN,SAS,134,122,1,12
2026-05-26,2023,GSW,SAC,130,125,1,5
2026-05-26,2023,LAC,PHX,95,112,0,17
2026-05-26,2023,PHI,IND,120,106,1,14
2026-05-26,2023,MIA,TOR,90,98,0,8
2026-05-26,2023,NYK,ORL,115,102,1,13
2026-05-26,2023,CHI,BOS,120,102,1,18
2026-05-26,2023,HOU,UTA,114,108,1,6
2026-05-26,2023,MEM,BRK,134,124,1,10
2026-05-26,2023,MIN,SAS,106,115,0,9
2026-05-26,2023,MIL,ATL,123,115,1,8
2026-05-26,2023,POR,DEN,135,110,1,25
2026-05-26,2023,NOP,DAL,113,111,1,2
2026-05-26,2023,OKC,LAC,108,94,1,14
2026-05-26,2023,PHX,GSW,134,105,1,29
2026-05-26,2023,CLE,ORL,103,92,1,11
2026-05-26,2023,DET,ATL,113,118,0,5
2026-05-26,2023,MIL,BRK,110,99,1,11
2026-05-26,2023,NYK,CHA,134,131,1,3
2026-05-26,2023,TOR,PHI,119,109,1,10
2026-05-26,2023,CHI,IND,124,109,1,15
2026-05-26,2023,WAS,DET,120,99,1,21
2026-05-26,2024,CLE,IND,113,125,0,12
2026-05-26,2023,DAL,OKC,111,117,0,6
2026-05-26,2023,LAC,NOP,91,112,0,21
2026-05-26,2024,CHI,OKC,104,124,0,20
2026-05-26,2024,UTA,SAC,114,130,0,16
2026-05-26,2024,SAS,DAL,119,126,0,7
2026-05-26,2024,LAC,POR,123,111,1,12
2026-05-26,2024,MIL,PHI,118,117,1,1
2026-05-26,2024,LAL,PHX,100,95,1,5
2026-05-26,2024,MEM,DEN,104,108,0,4
2026-05-26,2024,CHA,DET,99,111,0,12
2026-05-26,2024,ATL,NYK,120,126,0,6
2026-05-26,2024,CLE,OKC,105,108,0,3
2026-05-26,2024,BOS,MIA,119,111,1,8
2026-05-26,2024,CHI,TOR,104,103,1,1
2026-05-26,2024,SAS,HOU,126,122,1,4
2026-05-26,2024,DAL,BRK,125,120,1,5
2026-05-26,2024,UTA,LAC,120,118,1,2
2026-05-26,2024,POR,ORL,97,102,0,5
2026-05-26,2024,SAC,GSW,114,122,0,8
2026-05-26,2024,DET,CHI,118,102,1,16
2026-05-26,2024,WAS,MEM,113,106,1,7
2026-05-26,2024,MEM,NOP,104,111,0,7
2026-05-26,2024,BRK,CLE,113,114,0,1
2026-05-26,2024,TOR,MIN,97,94,1,3
2026-05-26,2024,MIA,DET,103,102,1,1
2026-05-26,2023,BOS,WAS,112,94,1,18
2026-05-26,2023,CLE,NYK,121,108,1,13
2026-05-26,2023,DET,GSW,128,114,1,14
2026-05-26,2023,SAS,MIN,107,98,1,9
2026-05-26,2023,DAL,ORL,114,105,1,9
2026-05-26,2023,PHX,HOU,124,109,1,15
2026-05-26,2023,LAL,DEN,121,110,1,11
2026-05-26,2023,CHA,SAC,108,115,0,7
2026-05-26,2023,WAS,PHI,111,118,0,7
2026-05-26,2023,UTA,MEM,124,123,1,1
2026-05-26,2023,BRK,IND,116,109,1,7
2026-05-26,2023,MIL,DET,110,108,1,2
2026-05-26,2023,UTA,MEM,121,105,1,16
2026-05-26,2023,LAC,HOU,95,93,1,2
2026-05-26,2024,DEN,LAL,119,107,1,12
2026-05-26,2024,GSW,PHX,104,108,0,4
2026-05-26,2024,ORL,HOU,116,86,1,30
2026-05-26,2024,NYK,BOS,104,108,0,4
2026-05-26,2024,IND,WAS,143,120,1,23
2026-05-26,2024,CHA,ATL,116,110,1,6
2026-05-26,2023,TOR,ATL,139,109,1,30
2026-05-26,2021,DEN,SAC,122,124,0,2
2026-05-26,2021,MIN,DET,111,101,1,10
2026-05-26,2021,MEM,SAS,119,131,0,12
2026-05-26,2018,LAC,PHX,130,88,1,42
2026-05-26,2018,BRK,ATL,116,104,1,12
2026-05-26,2018,OKC,MIN,113,115,0,2
2026-05-26,2018,LAL,NOP,112,119,0,7
2026-05-26,2018,DET,PHI,86,97,0,11
2026-05-26,2018,MIA,ATL,104,93,1,11
2026-05-26,2018,HOU,MEM,90,98,0,8
2026-05-26,2018,MIL,CHA,103,94,1,9
2026-05-26,2018,DAL,GSW,103,133,0,30
2026-05-26,2018,SAS,TOR,101,97,1,4
2026-05-26,2018,DEN,WAS,104,109,0,5
2026-05-26,2018,PHX,SAC,117,115,1,2
2026-05-26,2018,CLE,CHI,119,112,1,7
2026-05-26,2018,ORL,BRK,125,121,1,4
2026-05-26,2018,BOS,NYK,110,89,1,21
2026-05-26,2018,MIN,IND,107,130,0,23
2026-05-26,2018,POR,NOP,103,93,1,10
2026-05-26,2018,LAC,UTA,102,84,1,18
2026-05-26,2018,CHA,DEN,110,93,1,17
2026-05-26,2018,UTA,OKC,96,87,1,9
2026-05-26,2018,DEN,SAC,96,79,1,17
2026-05-26,2018,MIL,POR,113,110,1,3
2026-05-26,2018,NYK,DET,107,111,0,4
2026-05-26,2018,SAC,HOU,100,105,0,5
2026-05-26,2018,TOR,CHI,117,100,1,17
2026-05-26,2018,OKC,NYK,105,84,1,21
2026-05-26,2018,LAL,LAC,92,108,0,16
2026-05-26,2018,CHA,ATL,109,91,1,18
2026-05-26,2018,IND,POR,96,114,0,18
2026-05-26,2018,MIL,CLE,97,116,0,19
2026-05-26,2018,PHI,BOS,92,102,0,10
2026-05-26,2018,WAS,DET,115,111,1,4
2026-05-26,2018,DET,MIN,122,101,1,21
2026-05-26,2018,BRK,ORL,126,121,1,5
2026-05-26,2018,DAL,SAC,88,93,0,5
2026-05-26,2018,NOP,GSW,120,128,0,8
2026-05-26,2018,PHX,LAL,130,132,0,2
2026-05-26,2018,TOR,PHI,128,94,1,34
2026-05-26,2018,CHI,SAS,77,87,0,10
2026-05-26,2018,CLE,ORL,93,114,0,21
2026-05-26,2018,HOU,DAL,107,91,1,16
2026-05-26,2018,MEM,GSW,111,101,1,10
2026-05-26,2018,MIA,IND,112,108,1,4
2026-05-26,2018,MIN,UTA,100,97,1,3
2026-05-26,2018,PHX,POR,76,124,0,48
2026-05-26,2018,PHI,HOU,104,105,0,1
2026-05-26,2018,MIA,SAS,100,117,0,17
2026-05-26,2018,LAC,DET,87,95,0,8
2026-05-26,2018,ATL,MIL,106,117,0,11
2026-05-26,2018,IND,SAS,97,94,1,3
2026-05-26,2018,BRK,DEN,111,124,0,13
2026-05-26,2018,CHA,ORL,120,113,1,7
2026-05-26,2018,SAC,WAS,83,110,0,27
2026-05-26,2018,CLE,NYK,95,114,0,19
2026-05-26,2018,GSW,DET,107,115,0,8
2026-05-26,2018,BOS,SAS,108,94,1,14
2026-05-26,2018,MIA,MIN,122,125,0,3
2026-05-26,2018,NYK,DEN,116,110,1,6
2026-05-26,2018,HOU,PHI,107,115,0,8
2026-05-26,2018,MEM,CHA,99,104,0,5
2026-05-26,2018,NOP,ORL,99,115,0,16
2026-05-26,2018,UTA,DAL,104,89,1,15
2026-05-26,2018,POR,TOR,85,99,0,14
2026-05-26,2018,LAC,GSW,113,141,0,28
2026-05-26,2018,IND,SAC,101,83,1,18
2026-05-26,2018,BRK,PHX,114,122,0,8
2026-05-26,2018,POR,PHX,114,107,1,7
2026-05-26,2018,UTA,LAL,96,81,1,15
2026-05-26,2018,DAL,PHI,110,112,0,2
2026-05-26,2018,MIA,BOS,90,96,0,6
2026-05-26,2018,OKC,IND,114,96,1,18
2026-05-26,2018,DAL,MEM,103,94,1,9
2026-05-26,2018,PHX,UTA,97,88,1,9
2026-05-26,2018,GSW,TOR,117,112,1,5
2026-05-26,2018,LAL,WAS,102,99,1,3
2026-05-26,2018,CHI,ATL,91,86,1,5
2026-05-26,2018,MEM,DAL,96,91,1,5
2026-05-26,2018,MIL,BOS,89,96,0,7
2026-05-26,2018,POR,LAC,103,104,0,1
2026-05-26,2018,BRK,CLE,112,107,1,5
2026-05-26,2018,SAC,NOP,106,114,0,8
2026-05-26,2018,ORL,SAS,114,87,1,27
2026-05-26,2018,ATL,DEN,100,105,0,5
2026-05-26,2018,NYK,BRK,107,86,1,21
2026-05-26,2018,MIN,OKC,119,116,1,3
2026-05-26,2018,GSW,WAS,120,117,1,3
2026-05-26,2018,LAL,TOR,92,101,0,9
2026-05-26,2018,NOP,CLE,123,101,1,22
2026-05-26,2018,CHI,OKC,69,101,0,32
2026-05-26,2018,MEM,HOU,103,89,1,14
2026-05-26,2018,CHA,HOU,93,109,0,16
2026-05-26,2018,MIL,OKC,91,110,0,19
2026-05-26,2018,SAS,MIN,107,99,1,8
2026-05-26,2018,DAL,ATL,111,117,0,6
2026-05-26,2016,ATL,CHA,97,94,1,3
2026-05-26,2016,MIL,WAS,113,118,0,5
2026-05-26,2016,SAS,BRK,102,75,1,27
2026-05-26,2016,DEN,MIN,78,95,0,17
2026-05-26,2016,HOU,GSW,92,112,0,20
2026-05-26,2016,SAC,LAL,132,114,1,18
2026-05-26,2016,PHX,POR,110,92,1,18
2026-05-26,2016,IND,UTA,76,97,0,21
2026-05-26,2016,WAS,NYK,110,117,0,7
2026-05-26,2016,NOP,GSW,120,134,0,14
2026-05-26,2016,MEM,BRK,101,91,1,10
2026-05-26,2016,POR,PHX,90,101,0,11
2026-05-26,2016,LAC,SAC,114,109,1,5
2026-05-26,2017,CLE,NYK,117,88,1,29
2026-05-26,2017,POR,UTA,113,104,1,9
2026-05-26,2017,GSW,SAS,100,129,0,29
2026-05-26,2017,IND,DAL,130,121,1,9
2026-05-26,2017,ORL,MIA,96,108,0,12
2026-05-26,2017,TOR,DET,109,91,1,18
2026-05-26,2016,DET,CHI,98,94,1,4
2026-05-26,2016,BOS,TOR,103,113,0,10
2026-05-26,2016,ORL,OKC,136,139,0,3
2026-05-26,2016,PHI,UTA,71,99,0,28
2026-05-26,2016,ATL,DET,94,106,0,12
2026-05-26,2016,GSW,NOP,111,95,1,16
2026-05-26,2016,ORL,WAS,87,88,0,1
2026-05-26,2016,BOS,PHI,112,95,1,17
2026-05-26,2016,BRK,CHI,100,115,0,15
2026-05-26,2016,DET,UTA,92,87,1,5
2026-05-26,2016,TOR,IND,106,99,1,7
2026-05-26,2016,MIA,CHA,104,94,1,10
2026-05-26,2016,MIL,NYK,97,122,0,25
2026-05-26,2017,BOS,BRK,122,117,1,5
2026-05-26,2016,OKC,SAS,112,106,1,6
2026-05-26,2016,HOU,DEN,85,105,0,20
2026-05-26,2016,PHX,DAL,95,111,0,16
2026-05-26,2016,POR,NOP,112,94,1,18
2026-05-26,2016,SAC,LAC,104,111,0,7
2026-05-26,2016,LAL,MIN,111,112,0,1
2026-05-26,2016,IND,MEM,103,112,0,9
2026-05-26,2016,NYK,ATL,101,112,0,11
2026-05-26,2016,LAC,DAL,104,88,1,16
2026-05-26,2016,CLE,MIA,102,92,1,10
2026-05-26,2016,MEM,CLE,76,106,0,30
2026-05-26,2018,UTA,DEN,106,96,1,10
2026-05-26,2017,MIL,CHA,96,107,0,11
2026-05-26,2017,MEM,MIN,102,98,1,4
2026-05-26,2017,LAC,UTA,88,75,1,13
2026-05-26,2017,DET,MIL,98,83,1,15
2026-05-26,2017,MIA,SAS,99,106,0,7
2026-05-26,2017,PHX,GSW,100,106,0,6
2026-05-26,2017,OKC,LAL,113,96,1,17
2026-05-26,2017,HOU,DAL,93,92,1,1
2026-05-26,2017,MEM,WAS,112,103,1,9
2026-05-26,2017,ATL,SAC,106,95,1,11
2026-05-26,2017,BRK,CHI,88,118,0,30
2026-05-26,2017,TOR,DEN,105,102,1,3
2026-05-26,2017,LAC,PHX,116,98,1,18
2026-05-26,2018,CLE,BOS,102,99,1,3
2026-05-26,2018,GSW,HOU,121,122,0,1
2026-05-26,2018,DET,CHA,102,90,1,12
2026-05-26,2018,IND,BRK,140,131,1,9
2026-05-26,2018,ORL,MIA,116,109,1,7
2026-05-26,2018,WAS,PHI,120,115,1,5
2026-05-26,2018,BOS,MIL,100,108,0,8
2026-05-26,2018,MEM,NOP,103,91,1,12
2026-05-26,2017,SAC,MIN,106,103,1,3
2026-05-26,2017,DEN,POR,113,115,0,2
2026-05-26,2017,CHI,IND,118,101,1,17
2026-05-26,2017,MIL,BRK,110,108,1,2
2026-05-26,2017,PHI,OKC,97,103,0,6
2026-05-26,2017,PHX,SAC,94,113,0,19
2026-05-26,2017,LAL,HOU,120,114,1,6
2026-05-26,2017,ATL,WAS,114,99,1,15
2026-05-26,2017,CHI,BOS,105,99,1,6
2026-05-26,2017,POR,LAC,106,114,0,8
2026-05-26,2017,SAC,SAS,94,102,0,8
2026-05-26,2017,TOR,CLE,91,94,0,3
2026-05-26,2017,BRK,IND,103,94,1,9
2026-05-26,2017,NOP,DEN,102,107,0,5
2026-05-26,2017,DET,ORL,108,82,1,26
2026-05-26,2017,MIA,CHA,91,97,0,6
2026-05-26,2017,DAL,HOU,98,106,0,8
2026-05-26,2017,UTA,LAL,96,89,1,7
2026-05-26,2017,NOP,GSW,114,122,0,8
2026-05-26,2017,PHI,ATL,72,104,0,32
2026-05-26,2017,CHA,BOS,98,104,0,6
2026-05-26,2017,CLE,ORL,105,99,1,6
2026-05-26,2017,NYK,MEM,111,104,1,7
2026-05-26,2017,SAS,NOP,98,79,1,19
2026-05-26,2017,OKC,PHX,113,110,1,3
2026-05-26,2018,LAL,DET,113,93,1,20
2026-05-26,2019,BOS,PHI,105,87,1,18
2026-05-26,2019,GSW,OKC,108,100,1,8
2026-05-26,2020,PHX,SAC,124,95,1,29
2026-05-26,2020,POR,DEN,100,108,0,8
2026-05-26,2020,DET,ATL,100,117,0,17
2026-05-26,2020,HOU,MIL,111,117,0,6
2026-05-26,2020,GSW,LAC,122,141,0,19
2026-05-26,2020,BOS,TOR,112,106,1,6
2026-05-26,2020,CHA,MIN,99,121,0,22
2026-05-26,2020,BRK,NYK,113,109,1,4
2026-05-26,2020,MEM,CHI,102,110,0,8
2026-05-26,2020,NOP,DAL,116,123,0,7
2026-05-26,2020,OKC,WAS,85,97,0,12
2026-05-26,2020,DEN,PHX,108,107,1,1
2026-05-26,2020,SAC,POR,112,122,0,10
2026-05-26,2020,LAL,UTA,95,86,1,9
2026-05-26,2020,MIL,MIA,126,131,0,5
2026-05-26,2020,DET,PHI,111,117,0,6
2026-05-26,2020,ATL,ORL,103,99,1,4
2026-05-26,2020,NYK,BOS,95,118,0,23
2026-05-26,2020,CHI,TOR,84,108,0,24
2026-05-26,2020,UTA,OKC,100,95,1,5
2026-05-26,2020,SAS,NYK,120,111,1,9
2026-05-26,2020,DAL,WAS,108,100,1,8
2026-05-26,2020,PHI,BOS,107,93,1,14
2026-05-26,2019,ORL,SAC,99,107,0,8
2026-05-26,2019,BOS,DET,108,105,1,3
2026-05-26,2019,TOR,PHI,129,112,1,17
2026-05-26,2019,HOU,POR,85,104,0,19
2026-05-26,2019,MEM,WAS,107,95,1,12
2026-05-26,2019,OKC,LAC,128,110,1,18
2026-05-26,2019,BRK,DET,120,119,1,1
2026-05-26,2019,CHI,DEN,107,108,0,1
2026-05-26,2019,MIN,UTA,128,125,1,3
2026-05-26,2020,CLE,IND,110,99,1,11
2026-05-26,2019,NYK,IND,101,107,0,6
2026-05-26,2019,LAL,DAL,114,113,1,1
2026-05-26,2019,PHX,SAS,90,120,0,30
2026-05-26,2020,TOR,NOP,130,122,1,8
2026-05-26,2020,LAC,LAL,112,102,1,10
2026-05-26,2020,CHA,CHI,126,125,1,1
2026-05-26,2020,IND,DET,110,119,0,9
2026-05-26,2020,ORL,CLE,94,85,1,9
2026-05-26,2020,BRK,MIN,126,127,0,1
2026-05-26,2020,MIA,MEM,120,101,1,19
2026-05-26,2019,GSW,NOP,131,121,1,10
2026-05-26,2019,CLE,ATL,136,114,1,22
2026-05-26,2020,HOU,NOP,126,123,1,3
2026-05-26,2020,UTA,SAC,113,81,1,32
2026-05-26,2020,BRK,IND,108,118,0,10
2026-05-26,2020,TOR,DET,125,113,1,12
2026-05-26,2020,OKC,POR,99,102,0,3
2026-05-26,2020,WAS,HOU,158,159,0,1
2026-05-26,2020,SAC,CHA,111,118,0,7
2026-05-26,2020,UTA,LAC,110,96,1,14
2026-05-26,2020,GSW,PHX,110,121,0,11
2026-05-26,2020,ATL,MIA,97,106,0,9
2026-05-26,2020,NOP,DEN,122,107,1,15
2026-05-26,2020,LAC,SAS,103,97,1,6
2026-05-26,2021,BRK,GSW,125,99,1,26
2026-05-26,2021,LAL,LAC,109,116,0,7
2026-05-26,2021,CLE,CHA,121,114,1,7
2026-05-26,2021,IND,NYK,121,107,1,14
2026-05-26,2021,ORL,MIA,113,107,1,6
2026-05-26,2021,PHI,WAS,113,107,1,6
2026-05-26,2021,TOR,NOP,99,113,0,14
2026-05-26,2021,BOS,MIL,122,121,1,1
2026-05-26,2021,CHI,ATL,104,124,0,20
2026-05-26,2020,BOS,MIL,116,105,1,11
2026-05-26,2020,PHI,MIN,117,95,1,22
2026-05-26,2020,ORL,NYK,95,83,1,12
2026-05-26,2020,CLE,CHI,117,111,1,6
2026-05-26,2020,PHX,LAC,130,122,1,8
2026-05-26,2020,OKC,GSW,120,92,1,28
2026-05-26,2020,MEM,BRK,134,133,1,1
2026-05-26,2020,DAL,POR,119,121,0,2
2026-05-26,2020,MIN,MIA,116,109,1,7
2026-05-26,2020,LAL,CHA,120,101,1,19
2026-05-26,2020,NYK,CHI,105,98,1,7
2026-05-26,2020,DET,IND,96,94,1,2
2026-05-26,2020,TOR,ORL,104,95,1,9
2026-05-26,2020,SAS,WAS,124,122,1,2
2026-05-26,2020,ATL,PHI,103,105,0,2
2026-05-26,2020,MIL,CLE,129,112,1,17
2026-05-26,2020,NOP,GSW,123,134,0,11
2026-05-26,2020,SAS,POR,113,110,1,3
2026-05-26,2020,PHX,UTA,95,96,0,1
2026-05-26,2020,SAC,DEN,94,101,0,7
2026-05-26,2020,LAC,CHA,111,96,1,15
2026-05-26,2020,MIA,ATL,112,97,1,15
2026-05-26,2020,DEN,DAL,106,109,0,3
2026-05-26,2020,LAL,MEM,120,91,1,29
2026-05-26,2020,HOU,OKC,116,112,1,4
2026-05-26,2019,CHA,MIA,125,113,1,12
2026-05-26,2019,DEN,NOP,116,111,1,5
2026-05-26,2019,SAS,DAL,113,108,1,5
2026-05-26,2019,WAS,TOR,113,117,0,4
2026-05-26,2019,NYK,BOS,101,103,0,2
2026-05-26,2019,PHI,ORL,116,115,1,1
2026-05-26,2019,CHI,DET,116,118,0,2
2026-05-26,2019,MIA,CHA,112,113,0,1
2026-05-26,2019,DAL,MIN,140,136,1,4
2026-05-26,2019,DEN,PHX,119,91,1,28
2026-05-26,2019,POR,SAS,121,108,1,13
2026-05-26,2019,LAL,HOU,115,124,0,9
2026-05-26,2019,CLE,ATL,111,133,0,22
2026-05-26,2019,OKC,SAC,120,131,0,11
2026-05-26,2019,DEN,GSW,100,98,1,2
2026-05-26,2019,LAC,HOU,115,112,1,3
2026-05-26,2019,BOS,ORL,90,93,0,3
2026-05-26,2019,TOR,CHA,127,106,1,21
2026-05-26,2019,MIL,NYK,124,113,1,11
2026-05-26,2019,MIN,IND,101,91,1,10
2026-05-26,2019,DAL,CHI,115,109,1,6
2026-05-26,2019,UTA,MEM,84,92,0,8
2026-05-26,2019,IND,BRK,132,112,1,20
2026-05-26,2019,UTA,GSW,123,124,0,1
2026-05-26,2019,LAC,OKC,108,92,1,16
2026-05-26,2019,MIL,IND,118,101,1,17
2026-05-26,2019,CHA,MIL,112,113,0,1
2026-05-26,2019,DET,BRK,103,100,1,3
2026-05-26,2019,IND,MEM,111,83,1,28
2026-05-26,2019,ORL,MIA,104,101,1,3
2026-05-26,2019,NYK,ATL,126,107,1,19
2026-05-26,2019,TOR,CLE,116,104,1,12
2026-05-26,2019,HOU,NOP,112,131,0,19
2026-05-26,2019,SAS,MIN,112,108,1,4
2026-05-26,2019,SAC,UTA,117,123,0,6
2026-05-26,2019,POR,WAS,124,125,0,1
2026-05-26,2019,LAC,DEN,98,107,0,9
2026-05-26,2019,PHI,CHI,127,108,1,19
2026-05-26,2019,WAS,MIA,112,113,0,1
2026-05-26,2019,POR,LAL,128,119,1,9
2026-05-26,2019,ORL,CHA,88,120,0,32
2026-05-26,2019,BRK,NYK,107,105,1,2
2026-05-26,2019,MEM,ATL,131,117,1,14
2026-05-26,2019,MIN,CLE,131,123,1,8
2026-05-26,2019,NOP,SAC,149,129,1,20
2026-05-26,2019,TOR,BOS,113,101,1,12
2026-05-26,2019,PHX,DAL,121,100,1,21
2026-05-26,2019,GSW,PHX,123,103,1,20
2026-05-26,2019,LAL,SAS,142,143,0,1
2026-05-26,2019,DET,PHI,133,132,1,1
2026-05-26,2019,DET,BOS,89,109,0,20
2026-05-26,2019,NOP,UTA,111,132,0,21
2026-05-26,2019,ATL,CHI,85,97,0,12
2026-05-26,2019,CLE,IND,107,119,0,12
2026-05-26,2019,PHI,CHA,105,103,1,2
2026-05-26,2019,MEM,PHX,117,96,1,21
2026-05-26,2019,MIA,POR,120,111,1,9
2026-05-26,2019,MIL,ORL,113,91,1,22
2026-05-26,2019,SAS,LAL,110,106,1,4
2026-05-26,2019,SAC,WAS,116,112,1,4
2026-05-26,2019,BRK,GSW,114,120,0,6
2026-05-26,2019,OKC,PHX,117,110,1,7
2026-05-26,2019,LAC,WAS,136,104,1,32
2026-05-26,2019,IND,POR,93,103,0,10
2026-05-26,2019,PHI,ATL,113,92,1,21
2026-05-26,2019,MIA,SAC,113,123,0,10
2026-05-26,2019,NYK,BRK,115,96,1,19
2026-05-26,2019,CHI,GSW,124,149,0,25
2026-05-26,2019,MIL,TOR,124,109,1,15
2026-05-26,2019,MIN,LAL,124,120,1,4
2026-05-26,2019,DAL,UTA,104,113,0,9
2026-05-26,2025,UTA,SAS,88,106,0,18
2026-05-26,2019,NOP,BRK,117,115,1,2
2026-05-26,2019,HOU,LAC,113,133,0,20
2026-05-26,2019,NOP,LAC,116,109,1,7
2026-05-26,2019,DEN,SAC,126,112,1,14
2026-05-26,2019,ATL,DAL,111,104,1,7
2026-05-26,2019,CLE,BRK,86,102,0,16
2026-05-26,2019,MIA,NYK,110,87,1,23
2026-05-26,2019,TOR,MIN,112,105,1,7
2026-05-26,2019,CHI,CHA,112,110,1,2
2026-05-26,2019,HOU,UTA,89,100,0,11
2026-05-26,2019,SAS,IND,96,116,0,20
2026-05-26,2019,MIN,MIL,95,125,0,30
2026-05-26,2019,MIL,PHI,123,108,1,15
2026-05-26,2019,SAC,MEM,97,92,1,5
2026-05-26,2019,GSW,WAS,144,122,1,22
2026-05-26,2019,DET,CLE,110,103,1,7
2026-05-26,2019,ORL,POR,114,128,0,14
2026-05-26,2019,OKC,BOS,95,101,0,6
2026-05-26,2019,LAL,DEN,121,114,1,7
2026-05-26,2019,CHA,CHI,135,106,1,29
2026-05-26,2019,NYK,GSW,100,128,0,28
2026-05-26,2019,TOR,DAL,116,107,1,9
2026-05-26,2019,PHX,LAL,113,131,0,18
2026-05-26,2025,LAC,PHX,119,125,0,6
